Szenario,Kapazität (MWh),Gesamterlös (€),Erlös/MWh (€/MWh),Zyklen,Finale_SoC
Ex,4,421486.03312151774,105371.50828037944,1958.1406264880366,1.0488889004890924e-11
S,10,1052740.077892899,105274.0077892899,1954.7718161017524,-1.332082357702476e-11
M,100,10445513.695756951,104455.13695756951,1922.846574521317,1.3023478819305006e-12
L,1000,97186683.52817973,97186.68352817974,1682.346673825158,1.4685098951927718e-11
XL,10000,603536718.0474539,60353.67180474539,876.7208486690745,2.0554854468223682e-16
