Szenario,Kapazität (MWh),Gesamterlös (€),Zyklen,Finale_SoC
Ex,5,777443.1610701799,4314.732293466194,2.452254399543108e-09
S,10,1552807.266383276,4282.346661069192,3.7516082684874164e-08
M,50,7648126.598846694,4108.029783934777,2.9637035936502798e-08
L,100,14989337.08912453,3942.6061940240693,-3.4825191619347606e-08
XL,1000,111602244.7554483,2433.1339045640293,8.663345431614289e-05
